日付,生成ai検索量
2021/6/27,0
2021/7/4,0
2021/7/11,1 ?
2021/7/18,1
2021/7/25,0
2021/8/1,1
2021/8/8,1
2021/8/15,0
2021/8/22,0
2021/8/29,0
2021/9/5,1
2021/9/12,1
2021/9/19,1
2021/9/26,1
2021/10/3,1
2021/10/10,1
2021/10/17,1
2021/10/24,0
2021/10/31,1
2021/11/7,1
2021/11/14,0
2021/11/21,1
2021/11/28,0
2021/12/5,1
2021/12/12,1
2021/12/19,1
2021/12/26,1
2022/1/2,1
2022/1/9,1
2022/1/16,1
2022/1/23,1
2022/1/30,1
2022/2/6,1
2022/2/13,1
2022/2/20,1
2022/2/27,1
2022/3/6,1
2022/3/13,1
2022/3/20,1
2022/3/27,1
2022/4/3,1
2022/4/10,1
2022/4/17,1
2022/4/24,1
2022/5/1,1
2022/5/8,1
2022/5/15,1
2022/5/22,1
2022/5/29,1
2022/6/5,1
2022/6/12,1
2022/6/19,1
2022/6/26,1
2022/7/3,1
2022/7/10,1
2022/7/17,1
2022/7/24,1
2022/7/31,8
2022/8/7,3
2022/8/14,3
2022/8/21,9
2022/8/28,14
2022/9/4,8
2022/9/11,5
2022/9/18,5
2022/9/25,10
2022/10/2,17
2022/10/9,14
2022/10/16,14
2022/10/23,10
2022/10/30,8
2022/11/6,7
2022/11/13,6
2022/11/20,6
2022/11/27,10
2022/12/4,8
2022/12/11,6
2022/12/18,6
2022/12/25,6
2023/1/1,6
2023/1/8,5
2023/1/15,6
2023/1/22,7
2023/1/29,7
2023/2/5,8
2023/2/12,13
2023/2/19,12
2023/2/26,13
2023/3/5,14
2023/3/12,18
2023/3/19,16
2023/3/26,17
2023/4/2,19
2023/4/9,22
2023/4/16,24
2023/4/23,22
2023/4/30,22
2023/5/7,31
2023/5/14,31
2023/5/21,28
2023/5/28,28
2023/6/4,31
2023/6/11,30
2023/6/18,28
2023/6/25,29
2023/7/2,31
2023/7/9,31
2023/7/16,30
2023/7/23,30
2023/7/30,26
2023/8/6,25
2023/8/13,27
2023/8/20,31
2023/8/27,30
2023/9/3,26
2023/9/10,25
2023/9/17,26
2023/9/24,28
2023/10/1,30
2023/10/8,30
2023/10/15,33
2023/10/22,34
2023/10/29,30
2023/11/5,35
2023/11/12,50
2023/11/19,32
2023/11/26,37
2023/12/3,36
2023/12/10,37
2023/12/17,35
2023/12/24,32
2023/12/31,31
2024/1/7,39
2024/1/14,44
2024/1/21,44
2024/1/28,42
2024/2/4,42
2024/2/11,42
2024/2/18,45
2024/2/25,42
2024/3/3,40
2024/3/10,44
2024/3/17,45
2024/3/24,43
2024/3/31,42
2024/4/7,45
2024/4/14,47
2024/4/21,44
2024/4/28,38
2024/5/5,44
2024/5/12,50
2024/5/19,50
2024/5/26,53
2024/6/2,49
2024/6/9,55
2024/6/16,58
2024/6/23,54
2024/6/30,51
2024/7/7,49
2024/7/14,47
2024/7/21,46
2024/7/28,49
2024/8/4,43
2024/8/11,40
2024/8/18,48
2024/8/25,44
2024/9/1,49
2024/9/8,53
2024/9/15,45
2024/9/22,44
2024/9/29,47
2024/10/6,47
2024/10/13,46
2024/10/20,54
2024/10/27,49
2024/11/3,46
2024/11/10,52
2024/11/17,52
2024/11/24,51
2024/12/1,51
2024/12/8,57
2024/12/15,56
2024/12/22,51
2024/12/29,40
2025/1/5,57
2025/1/12,55
2025/1/19,59
2025/1/26,68
2025/2/2,65
2025/2/9,51
2025/2/16,61
2025/2/23,63
2025/3/2,57
2025/3/9,56
2025/3/16,52
2025/3/23,58
2025/3/30,67
2025/4/6,70
2025/4/13,87
2025/4/20,72
2025/4/27,61
2025/5/4,64
2025/5/11,75
2025/5/18,73
2025/5/25,79
2025/6/1,75
2025/6/8,78
2025/6/15,80
2025/6/22,80
2025/6/29,74
2025/7/6,79
2025/7/13,81
2025/7/20,74
2025/7/27,75
2025/8/3,74
2025/8/10,64
2025/8/17,72
2025/8/24,76
2025/8/31,73
2025/9/7,75
2025/9/14,69
2025/9/21,64
2025/9/28,76
2025/10/5,75
2025/10/12,74
2025/10/19,77
2025/10/26,76
2025/11/2,74
2025/11/9,81
2025/11/16,72
2025/11/23,68
2025/11/30,73
2025/12/7,74
2025/12/14,74
2025/12/21,74
2025/12/28,68
2026/1/4,91
2026/1/11,79
2026/1/18,81
2026/1/25,81
2026/2/1,77
2026/2/8,74
2026/2/15,77
2026/2/22,78
2026/3/1,73
2026/3/8,73
2026/3/15,73
2026/3/22,77
2026/3/29,72
2026/4/5,73
2026/4/12,76
2026/4/19,76
2026/4/26,74
2026/5/3,86
2026/5/10,92
2026/5/17,90
2026/5/24,100
2026/5/31,84
2026/6/7,95
2026/6/14,80
2026/6/21,80
2026/6/28,75
